{"parent":"minecraft:item/generated","textures":{"layer0":"minecraft:item/paper"},"overrides":[{"model":"custom/block/concrete/yellow_concrete_bricks","predicate":{"custom_model_data":2}},{"model":"custom/block/concrete/white_concrete_bricks","predicate":{"custom_model_data":3}},{"model":"custom/block/concrete/red_concrete_bricks","predicate":{"custom_model_data":4}},{"model":"custom/block/concrete/purple_concrete_bricks","predicate":{"custom_model_data":5}},{"model":"custom/block/concrete/pink_concrete_bricks","predicate":{"custom_model_data":6}},{"model":"custom/block/concrete/orange_concrete_bricks","predicate":{"custom_model_data":7}},{"model":"custom/block/concrete/magenta_concrete_bricks","predicate":{"custom_model_data":8}},{"model":"custom/block/concrete/lime_concrete_bricks","predicate":{"custom_model_data":9}},{"model":"custom/block/concrete/light_gray_concrete_bricks","predicate":{"custom_model_data":10}},{"model":"custom/block/concrete/light_blue_concrete_bricks","predicate":{"custom_model_data":11}},{"model":"custom/block/concrete/green_concrete_bricks","predicate":{"custom_model_data":12}},{"model":"custom/block/concrete/gray_concrete_bricks","predicate":{"custom_model_data":13}},{"model":"custom/block/concrete/cyan_concrete_bricks","predicate":{"custom_model_data":14}},{"model":"custom/block/concrete/brown_concrete_bricks","predicate":{"custom_model_data":15}},{"model":"custom/block/concrete/blue_concrete_bricks","predicate":{"custom_model_data":16}},{"model":"custom/block/concrete/black_concrete_bricks","predicate":{"custom_model_data":17}}]}