{"paper":{"custom/block/concrete/yellow_concrete_bricks":2,"custom/block/concrete/white_concrete_bricks":3,"custom/block/concrete/red_concrete_bricks":4,"custom/block/concrete/purple_concrete_bricks":5,"custom/block/concrete/pink_concrete_bricks":6,"custom/block/concrete/orange_concrete_bricks":7,"custom/block/concrete/magenta_concrete_bricks":8,"custom/block/concrete/lime_concrete_bricks":9,"custom/block/concrete/light_gray_concrete_bricks":10,"custom/block/concrete/light_blue_concrete_bricks":11,"custom/block/concrete/green_concrete_bricks":12,"custom/block/concrete/gray_concrete_bricks":13,"custom/block/concrete/cyan_concrete_bricks":14,"custom/block/concrete/brown_concrete_bricks":15,"custom/block/concrete/blue_concrete_bricks":16,"custom/block/concrete/black_concrete_bricks":17}}