{"variants":{"distance=1,persistent=false,waterlogged=false":[{"model":"minecraft:block/flowering_azalea_leaves","x":0,"y":0,"uvlock":false,"weight":1}],"distance=1,persistent=false,waterlogged=true":[{"model":"minecraft:block/flowering_azalea_leaves","x":0,"y":0,"uvlock":false,"weight":1}],"distance=1,persistent=true,waterlogged=false":[{"model":"minecraft:block/flowering_azalea_leaves","x":0,"y":0,"uvlock":false,"weight":1}],"distance=1,persistent=true,waterlogged=true":[{"model":"minecraft:block/flowering_azalea_leaves","x":0,"y":0,"uvlock":false,"weight":1}],"distance=10,persistent=false,waterlogged=false":[{"model":"minecraft:block/flowering_azalea_leaves","x":0,"y":0,"uvlock":false,"weight":1}],"distance=10,persistent=false,waterlogged=true":[{"model":"minecraft:block/flowering_azalea_leaves","x":0,"y":0,"uvlock":false,"weight":1}],"distance=10,persistent=true,waterlogged=false":[{"model":"minecraft:block/flowering_azalea_leaves","x":0,"y":0,"uvlock":false,"weight":1}],"distance=10,persistent=true,waterlogged=true":[{"model":"minecraft:block/flowering_azalea_leaves","x":0,"y":0,"uvlock":false,"weight":1}],"distance=11,persistent=false,waterlogged=false":[{"model":"minecraft:block/flowering_azalea_leaves","x":0,"y":0,"uvlock":false,"weight":1}],"distance=11,persistent=false,waterlogged=true":[{"model":"minecraft:block/flowering_azalea_leaves","x":0,"y":0,"uvlock":false,"weight":1}],"distance=11,persistent=true,waterlogged=false":[{"model":"minecraft:block/flowering_azalea_leaves","x":0,"y":0,"uvlock":false,"weight":1}],"distance=11,persistent=true,waterlogged=true":[{"model":"minecraft:block/flowering_azalea_leaves","x":0,"y":0,"uvlock":false,"weight":1}],"distance=12,persistent=false,waterlogged=false":[{"model":"minecraft:block/flowering_azalea_leaves","x":0,"y":0,"uvlock":false,"weight":1}],"distance=12,persistent=false,waterlogged=true":[{"model":"minecraft:block/flowering_azalea_leaves","x":0,"y":0,"uvlock":false,"weight":1}],"distance=12,persistent=true,waterlogged=false":[{"model":"minecraft:block/flowering_azalea_leaves","x":0,"y":0,"uvlock":false,"weight":1}],"distance=12,persistent=true,waterlogged=true":[{"model":"minecraft:block/flowering_azalea_leaves","x":0,"y":0,"uvlock":false,"weight":1}],"distance=13,persistent=false,waterlogged=false":[{"model":"minecraft:block/flowering_azalea_leaves","x":0,"y":0,"uvlock":false,"weight":1}],"distance=13,persistent=false,waterlogged=true":[{"model":"minecraft:block/flowering_azalea_leaves","x":0,"y":0,"uvlock":false,"weight":1}],"distance=13,persistent=true,waterlogged=false":[{"model":"minecraft:block/flowering_azalea_leaves","x":0,"y":0,"uvlock":false,"weight":1}],"distance=13,persistent=true,waterlogged=true":[{"model":"minecraft:block/flowering_azalea_leaves","x":0,"y":0,"uvlock":false,"weight":1}],"distance=14,persistent=false,waterlogged=false":[{"model":"minecraft:block/flowering_azalea_leaves","x":0,"y":0,"uvlock":false,"weight":1}],"distance=14,persistent=false,waterlogged=true":[{"model":"minecraft:block/flowering_azalea_leaves","x":0,"y":0,"uvlock":false,"weight":1}],"distance=14,persistent=true,waterlogged=false":[{"model":"minecraft:block/flowering_azalea_leaves","x":0,"y":0,"uvlock":false,"weight":1}],"distance=14,persistent=true,waterlogged=true":[{"model":"minecraft:block/flowering_azalea_leaves","x":0,"y":0,"uvlock":false,"weight":1}],"distance=2,persistent=false,waterlogged=false":[{"model":"minecraft:block/flowering_azalea_leaves","x":0,"y":0,"uvlock":false,"weight":1}],"distance=2,persistent=false,waterlogged=true":[{"model":"minecraft:block/flowering_azalea_leaves","x":0,"y":0,"uvlock":false,"weight":1}],"distance=2,persistent=true,waterlogged=false":[{"model":"minecraft:block/flowering_azalea_leaves","x":0,"y":0,"uvlock":false,"weight":1}],"distance=2,persistent=true,waterlogged=true":[{"model":"minecraft:block/flowering_azalea_leaves","x":0,"y":0,"uvlock":false,"weight":1}],"distance=3,persistent=false,waterlogged=false":[{"model":"minecraft:block/flowering_azalea_leaves","x":0,"y":0,"uvlock":false,"weight":1}],"distance=3,persistent=false,waterlogged=true":[{"model":"minecraft:block/flowering_azalea_leaves","x":0,"y":0,"uvlock":false,"weight":1}],"distance=3,persistent=true,waterlogged=false":[{"model":"minecraft:block/flowering_azalea_leaves","x":0,"y":0,"uvlock":false,"weight":1}],"distance=3,persistent=true,waterlogged=true":[{"model":"minecraft:block/flowering_azalea_leaves","x":0,"y":0,"uvlock":false,"weight":1}],"distance=4,persistent=false,waterlogged=false":[{"model":"minecraft:block/flowering_azalea_leaves","x":0,"y":0,"uvlock":false,"weight":1}],"distance=4,persistent=false,waterlogged=true":[{"model":"minecraft:block/flowering_azalea_leaves","x":0,"y":0,"uvlock":false,"weight":1}],"distance=4,persistent=true,waterlogged=false":[{"model":"minecraft:block/flowering_azalea_leaves","x":0,"y":0,"uvlock":false,"weight":1}],"distance=4,persistent=true,waterlogged=true":[{"model":"minecraft:block/flowering_azalea_leaves","x":0,"y":0,"uvlock":false,"weight":1}],"distance=5,persistent=false,waterlogged=false":[{"model":"minecraft:block/flowering_azalea_leaves","x":0,"y":0,"uvlock":false,"weight":1}],"distance=5,persistent=false,waterlogged=true":[{"model":"minecraft:block/flowering_azalea_leaves","x":0,"y":0,"uvlock":false,"weight":1}],"distance=5,persistent=true,waterlogged=false":[{"model":"minecraft:block/flowering_azalea_leaves","x":0,"y":0,"uvlock":false,"weight":1}],"distance=5,persistent=true,waterlogged=true":[{"model":"minecraft:block/flowering_azalea_leaves","x":0,"y":0,"uvlock":false,"weight":1}],"distance=6,persistent=false,waterlogged=false":[{"model":"minecraft:block/flowering_azalea_leaves","x":0,"y":0,"uvlock":false,"weight":1}],"distance=6,persistent=false,waterlogged=true":[{"model":"minecraft:block/flowering_azalea_leaves","x":0,"y":0,"uvlock":false,"weight":1}],"distance=6,persistent=true,waterlogged=false":[{"model":"minecraft:block/flowering_azalea_leaves","x":0,"y":0,"uvlock":false,"weight":1}],"distance=6,persistent=true,waterlogged=true":[{"model":"minecraft:block/flowering_azalea_leaves","x":0,"y":0,"uvlock":false,"weight":1}],"distance=7,persistent=false,waterlogged=false":[{"model":"minecraft:block/flowering_azalea_leaves","x":0,"y":0,"uvlock":false,"weight":1}],"distance=7,persistent=false,waterlogged=true":[{"model":"minecraft:block/flowering_azalea_leaves","x":0,"y":0,"uvlock":false,"weight":1}],"distance=7,persistent=true,waterlogged=false":[{"model":"minecraft:block/flowering_azalea_leaves","x":0,"y":0,"uvlock":false,"weight":1}],"distance=7,persistent=true,waterlogged=true":[{"model":"minecraft:block/flowering_azalea_leaves","x":0,"y":0,"uvlock":false,"weight":1}],"distance=8,persistent=false,waterlogged=false":[{"model":"minecraft:block/flowering_azalea_leaves","x":0,"y":0,"uvlock":false,"weight":1}],"distance=8,persistent=false,waterlogged=true":[{"model":"minecraft:block/flowering_azalea_leaves","x":0,"y":0,"uvlock":false,"weight":1}],"distance=8,persistent=true,waterlogged=false":[{"model":"minecraft:block/flowering_azalea_leaves","x":0,"y":0,"uvlock":false,"weight":1}],"distance=8,persistent=true,waterlogged=true":[{"model":"minecraft:block/flowering_azalea_leaves","x":0,"y":0,"uvlock":false,"weight":1}],"distance=9,persistent=false,waterlogged=false":[{"model":"minecraft:block/flowering_azalea_leaves","x":0,"y":0,"uvlock":false,"weight":1}],"distance=9,persistent=false,waterlogged=true":[{"model":"minecraft:block/flowering_azalea_leaves","x":0,"y":0,"uvlock":false,"weight":1}],"distance=9,persistent=true,waterlogged=false":[{"model":"minecraft:block/flowering_azalea_leaves","x":0,"y":0,"uvlock":false,"weight":1}],"distance=9,persistent=true,waterlogged=true":[{"model":"minecraft:block/flowering_azalea_leaves","x":0,"y":0,"uvlock":false,"weight":1}]}}