{"variants":{"west=false,disarmed=true,powered=false,south=false,east=false,north=false,attached=false":[{"model":"minecraft:block/tripwire_ns","x":0,"y":0,"uvlock":false,"weight":1}],"west=false,disarmed=true,powered=false,south=false,east=false,north=false,attached=true":[{"model":"minecraft:block/tripwire_attached_ns","x":0,"y":0,"uvlock":false,"weight":1}],"west=false,disarmed=true,powered=false,south=false,east=false,north=true,attached=false":[{"model":"minecraft:block/tripwire_n","x":0,"y":0,"uvlock":false,"weight":1}],"west=false,disarmed=true,powered=false,south=false,east=false,north=true,attached=true":[{"model":"minecraft:block/tripwire_attached_n","x":0,"y":0,"uvlock":false,"weight":1}],"west=false,disarmed=true,powered=false,south=false,east=true,north=false,attached=false":[{"model":"minecraft:block/tripwire_n","x":0,"y":90,"uvlock":false,"weight":1}],"west=false,disarmed=true,powered=false,south=false,east=true,north=false,attached=true":[{"model":"minecraft:block/tripwire_attached_n","x":0,"y":90,"uvlock":false,"weight":1}],"west=false,disarmed=true,powered=false,south=false,east=true,north=true,attached=false":[{"model":"minecraft:block/tripwire_ne","x":0,"y":0,"uvlock":false,"weight":1}],"west=false,disarmed=true,powered=false,south=false,east=true,north=true,attached=true":[{"model":"minecraft:block/tripwire_attached_ne","x":0,"y":0,"uvlock":false,"weight":1}],"west=false,disarmed=true,powered=false,south=true,east=false,north=false,attached=false":[{"model":"minecraft:block/tripwire_n","x":0,"y":180,"uvlock":false,"weight":1}],"west=false,disarmed=true,powered=false,south=true,east=false,north=false,attached=true":[{"model":"minecraft:block/tripwire_attached_n","x":0,"y":180,"uvlock":false,"weight":1}],"west=false,disarmed=true,powered=false,south=true,east=false,north=true,attached=false":[{"model":"minecraft:block/tripwire_ns","x":0,"y":0,"uvlock":false,"weight":1}],"west=false,disarmed=true,powered=false,south=true,east=false,north=true,attached=true":[{"model":"minecraft:block/tripwire_attached_ns","x":0,"y":0,"uvlock":false,"weight":1}],"west=false,disarmed=true,powered=false,south=true,east=true,north=false,attached=false":[{"model":"minecraft:block/tripwire_ne","x":0,"y":90,"uvlock":false,"weight":1}],"west=false,disarmed=true,powered=false,south=true,east=true,north=false,attached=true":[{"model":"minecraft:block/tripwire_attached_ne","x":0,"y":90,"uvlock":false,"weight":1}],"west=false,disarmed=true,powered=false,south=true,east=true,north=true,attached=false":[{"model":"minecraft:block/tripwire_nse","x":0,"y":0,"uvlock":false,"weight":1}],"west=false,disarmed=true,powered=false,south=true,east=true,north=true,attached=true":[{"model":"minecraft:block/tripwire_attached_nse","x":0,"y":0,"uvlock":false,"weight":1}],"west=true,disarmed=true,powered=false,south=false,east=false,north=false,attached=false":[{"model":"minecraft:block/tripwire_n","x":0,"y":270,"uvlock":false,"weight":1}],"west=true,disarmed=true,powered=false,south=false,east=false,north=false,attached=true":[{"model":"minecraft:block/tripwire_attached_n","x":0,"y":270,"uvlock":false,"weight":1}],"west=true,disarmed=true,powered=false,south=false,east=false,north=true,attached=false":[{"model":"minecraft:block/tripwire_ne","x":0,"y":270,"uvlock":false,"weight":1}],"west=true,disarmed=true,powered=false,south=false,east=false,north=true,attached=true":[{"model":"minecraft:block/tripwire_attached_ne","x":0,"y":270,"uvlock":false,"weight":1}],"west=true,disarmed=true,powered=false,south=false,east=true,north=false,attached=false":[{"model":"minecraft:block/tripwire_ns","x":0,"y":90,"uvlock":false,"weight":1}],"west=true,disarmed=true,powered=false,south=false,east=true,north=false,attached=true":[{"model":"minecraft:block/tripwire_attached_ns","x":0,"y":90,"uvlock":false,"weight":1}],"west=true,disarmed=true,powered=false,south=false,east=true,north=true,attached=false":[{"model":"minecraft:block/tripwire_nse","x":0,"y":270,"uvlock":false,"weight":1}],"west=true,disarmed=true,powered=false,south=false,east=true,north=true,attached=true":[{"model":"minecraft:block/tripwire_attached_nse","x":0,"y":270,"uvlock":false,"weight":1}],"west=true,disarmed=true,powered=false,south=true,east=false,north=false,attached=false":[{"model":"minecraft:block/tripwire_ne","x":0,"y":180,"uvlock":false,"weight":1}],"west=true,disarmed=true,powered=false,south=true,east=false,north=false,attached=true":[{"model":"minecraft:block/tripwire_attached_ne","x":0,"y":180,"uvlock":false,"weight":1}],"west=true,disarmed=true,powered=false,south=true,east=false,north=true,attached=false":[{"model":"minecraft:block/tripwire_nse","x":0,"y":180,"uvlock":false,"weight":1}],"west=true,disarmed=true,powered=false,south=true,east=false,north=true,attached=true":[{"model":"minecraft:block/tripwire_attached_nse","x":0,"y":180,"uvlock":false,"weight":1}],"west=true,disarmed=true,powered=false,south=true,east=true,north=false,attached=false":[{"model":"minecraft:block/tripwire_nse","x":0,"y":90,"uvlock":false,"weight":1}],"west=true,disarmed=true,powered=false,south=true,east=true,north=false,attached=true":[{"model":"minecraft:block/tripwire_attached_nse","x":0,"y":90,"uvlock":false,"weight":1}],"west=true,disarmed=true,powered=false,south=true,east=true,north=true,attached=false":[{"model":"minecraft:block/tripwire_nsew","x":0,"y":0,"uvlock":false,"weight":1}],"west=true,disarmed=true,powered=false,south=true,east=true,north=true,attached=true":[{"model":"minecraft:block/tripwire_attached_nsew","x":0,"y":0,"uvlock":false,"weight":1}]}}